variable,AirTC_C,RH_pct,WS_ms,WindDir_deg,BP_mbar
AirTC_C,1.0,-0.7891075265246047,0.09194302459756531,0.21804423454935204,-0.7122958192440073
RH_pct,-0.7891075265246047,1.0,-0.23269618617136664,-0.3772776230410014,0.3832535085732774
WS_ms,0.09194302459756531,-0.23269618617136664,1.0,0.08589747312651325,-0.014854280485309887
WindDir_deg,0.21804423454935204,-0.3772776230410014,0.08589747312651325,1.0,-0.03532868624281162
BP_mbar,-0.7122958192440073,0.3832535085732774,-0.014854280485309887,-0.03532868624281162,1.0
