month_number,count,mean,median,std,min,max
7,172800,3.143266550925926,2.78,2.0338092364046765,0.01,12.01
