variable,AirTC_C,RH_pct,WS_ms,WindDir_deg,BP_mbar
AirTC_C,1.0,-0.7459227046186432,0.07047485946485087,-0.10842583679887473,-0.28002909797015824
RH_pct,-0.7459227046186432,1.0,-0.1900393916268133,-0.12439976939144756,-0.026138223713017193
WS_ms,0.07047485946485087,-0.1900393916268133,1.0,0.07077650379908307,-0.12978358606972037
WindDir_deg,-0.10842583679887473,-0.12439976939144756,0.07077650379908307,1.0,-0.06599297152912877
BP_mbar,-0.28002909797015824,-0.026138223713017193,-0.12978358606972037,-0.06599297152912877,1.0
