month_number,count,mean,median,std,min,max
6,86400,4.308138773148148,4.25,1.7001486294690753,0.01,11.69
7,335069,2.7385308697611537,2.24,2.002218096988286,0.0,13.68
