month_number,count,mean,median,std,min,max
7,75869,3.4362710725065577,3.2,2.033242748960326,0.01,12.74
