month_number,count,mean,median,std,min,max
7,172800,2.814274074074074,2.47,1.898642445358832,0.0,14.16
